,start,fit,error,evals
1,[0.32 0.41 2.87],[ 2.702  1.174 -0.986],0.1013157894736842,44
2,[1.2  2.9  1.15],[3.735 1.283 1.506],0.09868421052631579,47
3,[1.81 2.58 2.55],[5.792 1.8   1.388],0.1006578947368421,44
4,[1.56 2.05 0.34],[2.56  1.985 1.34 ],0.10394736842105264,18
5,[1.18 2.87 1.02],[6.584 2.103 1.739],0.1006578947368421,43
