,start,fit,error,evals
1,[0.3  1.56 2.13],[3.585 2.246 2.736],0.10921052631578948,43
2,[1.72 2.94 1.5 ],[2.72  1.322 0.882],0.1118421052631579,17
3,[2.23 0.21 1.25],[1.589 0.586 0.55 ],0.10855263157894737,61
4,[0.33 0.92 1.57],[2.534 1.891 1.784],0.10855263157894737,55
5,[1.57 0.59 1.78],[1.685 1.59  1.162],0.11513157894736842,17
